과목,질문,꿀팁 한문장,난이도,키워드들,카테고리들,영어질문,영어꿀팁,영어키워드,영어카테고리
컴퓨터구조,비트와 바이트의 차이점과 데이터를 표현하는 기본 단위에 대해 설명해주세요,비트는 0과 1을 표현하는 최소 단위이며 8비트가 모여 1바이트가 됨,하,"비트, 바이트, 데이터 단위",데이터와 표현,Explain the difference between bits and bytes and the basic units of data representation,"A bit is the smallest unit representing 0 and 1, and 8 bits form 1 byte","Bits, Bytes, Data Units",Data Representation
컴퓨터구조,컴퓨터에서 음수를 표현하는 방식과 부호 비트의 역할은 무엇인가요,"최상위 비트를 부호 비트로 사용하여 0은 양수, 1은 음수를 나타냄",중,"음수 표현, 부호 비트",데이터와 표현,How are negative numbers represented in computers and what is the role of the sign bit?,"The Most Significant Bit (MSB) is used as a sign bit: 0 for positive, 1 for negative","Negative Representation, Sign Bit",Data Representation
컴퓨터구조,음수를 저장할 때 사용하는 2의 보수 연산 과정에 대해 설명해주세요,"모든 비트를 반전시킨 후 1을 더하여 음수를 양수로, 양수를 음수로 변환함",중,"2의 보수, 비트 반전",데이터와 표현,Explain the process of 2's complement arithmetic used to store negative numbers,Convert numbers by inverting all bits and adding 1 (2's complement),"2's Complement, Bit Inversion",Data Representation
컴퓨터구조,부동소수점 방식이 무엇이며 실수를 표현하는 국제 표준에 대해 알고 있나요,IEEE 754 표준을 따르며 지수와 가수로 나누어 실수를 정밀하게 표현함,상,"부동소수점, IEEE 754",데이터와 표현,What is the floating-point method and the international standard (IEEE 754) for representing real numbers?,"Follows IEEE 754 standard, representing real numbers using exponent and mantissa","Floating Point, IEEE 754",Data Representation
컴퓨터구조,부동소수점 방식이 고정소수점 방식보다 실무에서 선호되는 이유는 무엇인가요,정규화를 거치기 때문에 고정소수점보다 훨씬 넓은 범위의 수를 표현할 수 있음,상,"부동소수점, 표현 범위",데이터와 표현,Why is the floating-point method preferred over the fixed-point method in practice?,Represents a wider range of numbers than fixed-point due to normalization,"Floating Point, Representation Range",Data Representation
컴퓨터구조,"아스키코드와 유니코드의 차이, 그리고 UTF-8 인코딩의 특징을 설명해주세요",유니코드는 전 세계 문자를 수용하며 UTF-8은 가변 길이를 통해 공간을 절약함,상,"아스키코드, 유니코드, UTF-8",데이터와 표현,"Explain the differences between ASCII and Unicode, and the characteristics of UTF-8 encoding","Unicode covers all characters, and UTF-8 saves space through variable length","ASCII, Unicode, UTF-8",Data Representation
컴퓨터구조,컴퓨터 하드웨어를 구성하는 핵심 요소들과 그 기능을 간단히 말씀해주세요,"CPU, 메모리, 입출력 장치로 구성되며 데이터 처리와 저장을 담당함",하,"하드웨어 구성, CPU, 메모리",컴퓨터의 구성,Briefly describe the core components of computer hardware and their functions,"Composed of CPU, memory, and I/O devices for data processing and storage","Hardware Components, CPU, Memory",Computer Organization
컴퓨터구조,시스템 버스의 종류와 각 버스가 전달하는 정보는 무엇인가요,"데이터, 주소, 제어 버스로 나뉘어 장치 간 데이터와 제어 신호를 주고받음",중,"시스템 버스, 데이터 버스",컴퓨터의 구성,What are the types of system buses and what information does each bus transmit?,"Split into data, address, and control buses to exchange signals between devices","System Bus, Data Bus",Computer Organization
컴퓨터구조,CPU가 메모리에서 데이터를 읽어오는 과정을 시스템 버스 관점에서 설명해주세요,주소 버스로 위치를 찍고 제어 버스로 신호를 보낸 후 데이터 버스로 값을 읽음,중,"데이터 읽기, 시스템 버스",컴퓨터의 구성,Explain the process of the CPU reading data from memory from a system bus perspective,"Locates via address bus, signals via control bus, and reads via data bus","Data Reading, System Bus",Computer Organization
컴퓨터구조,"CPU의 내부 구성 요소인 ALU, 제어장치, 레지스터의 역할을 설명해주세요","ALU는 연산을, 제어장치는 명령 해석을, 레지스터는 임시 저장을 담당함",중,"CPU, ALU, 제어장치, 레지스터",CPU 구성과 기능,"Explain the roles of the internal CPU components: ALU, Control Unit, and Registers","ALU handles arithmetic, Control Unit decodes, and Registers store temporarily","CPU, ALU, Control Unit, Registers",CPU Structure & Function
컴퓨터구조,프로그램 카운터(PC) 레지스터가 수행하는 핵심 역할은 무엇인가요,다음에 메모리에서 인출하여 실행할 명령어의 주소를 보관하는 네비게이션 역할임,상,"프로그램 카운터, 레지스터",CPU 구성과 기능,What is the core role performed by the Program Counter (PC) register?,Acts as navigation by storing the address of the next instruction to fetch,"Program Counter, Register",CPU Structure & Function
컴퓨터구조,"명령어 사이클의 인출, 해독, 실행 단계가 어떻게 진행되는지 설명해주세요",메모리에서 명령을 가져와 해석한 뒤 실제 연산을 수행하는 하드웨어의 반복임,중,"명령어 사이클, 인출, 해독, 실행",CPU 구성과 기능,"Explain how the fetch, decode, and execute stages of the instruction cycle proceed","Hardware cycle of fetching instructions, decoding, and executing operations","Instruction Cycle, Fetch, Decode, Execute",CPU Structure & Function
컴퓨터구조,명령어의 구조를 연산코드와 오퍼랜드 관점에서 설명해주세요,연산코드는 수행할 동작을 정의하고 오퍼랜드는 그 동작의 대상 데이터를 의미함,상,"연산코드, 오퍼랜드",CPU 동작 원리,Explain the structure of an instruction in terms of opcode and operands,"Opcode defines the operation, while operands specify the target data","Opcode, Operand",CPU Operating Principles
컴퓨터구조,"직접, 간접, 즉시 주소 지정 방식의 차이점은 무엇인가요",오퍼랜드 필드가 실제 데이터인지 혹은 데이터의 주소인지에 따라 구분됨,중,"주소지정 방식, 직접주소",CPU 동작 원리,"What are the differences between direct, indirect, and immediate addressing modes?",Classified by whether the operand field is actual data or a memory address,"Addressing Mode, Direct Addressing",CPU Operating Principles
컴퓨터구조,CISC와 RISC 설계 방식의 차이점과 각 아키텍처의 특징을 비교해주세요,"CISC는 복잡하고 가변적인 명령을, RISC는 단순하고 고정된 명령을 사용함",중,"CISC, RISC, 명령어 집합",CPU 동작 원리,Compare the differences and characteristics of CISC and RISC architectures,CISC uses complex variable instructions; RISC uses simple fixed instructions,"CISC, RISC, Instruction Set",CPU Operating Principles
컴퓨터구조,인터럽트의 개념과 하드웨어 인터럽트가 처리되는 과정을 말씀해주세요,수행 중인 작업을 멈추고 긴급 이벤트를 처리한 뒤 인터럽트 벡터를 통해 복귀함,상,"인터럽트, 서비스 루틴",CPU 동작 원리,Explain the concept of interrupts and the process of handling hardware interrupts,Stops tasks for urgent events and returns via the interrupt vector,"Interrupt, Service Routine",CPU Operating Principles
컴퓨터구조,명령어 파이프라이닝을 통해 CPU 성능을 높이는 원리는 무엇인가요,하나의 명령이 끝날 때까지 기다리지 않고 여러 명령을 단계별로 동시 실행함,상,"파이프라이닝, 병렬 처리",CPU 동작 원리,What is the principle behind increasing CPU performance through instruction pipelining?,Executes multiple instructions concurrently in stages without waiting,"Pipelining, Parallel Processing",CPU Operating Principles
컴퓨터구조,슈퍼스칼라 프로세서가 단일 파이프라인 방식보다 성능이 좋은 이유는 무엇인가요,여러 개의 파이프라인을 병렬로 가동하여 한 사이클에 여러 명령을 동시 처리함,상,"슈퍼스칼라, 병렬 처리",CPU 동작 원리,Why do superscalar processors perform better than single-pipeline architectures?,Operates multiple pipelines in parallel to process multiple instructions per cycle,"Superscalar, Parallel Processing",CPU Operating Principles
컴퓨터구조,RAM의 특징과 컴퓨터 시스템에서 주기억 장치가 필요한 이유는 무엇인가요,휘발성 메모리로 실행 중인 프로그램 데이터를 임시 저장해 CPU 접근을 도움,하,"RAM, 휘발성, 주기억 장치",주기억 장치,What are the characteristics of RAM and why is main memory necessary in a computer system?,Volatile memory storing active program data to assist CPU access,"RAM, Volatility, Main Memory",Main Memory
컴퓨터구조,메모리 주소 체계에서 물리 주소와 논리 주소의 차이는 무엇인가요,물리 주소는 실제 하드웨어 주소이며 논리 주소는 CPU가 프로세스에 부여한 주소임,중,"물리 주소, 논리 주소",주기억 장치,What is the difference between physical addresses and logical addresses in memory addressing?,Physical address is the hardware address; logical address is assigned by the CPU,"Physical Address, Logical Address",Main Memory
컴퓨터구조,MMU가 논리 주소를 물리 주소로 변환하는 구체적인 메커니즘을 설명해주세요,베이스 레지스터에 논리 주소를 더하고 한계 레지스터로 범위를 체크함,중,"MMU, 베이스 레지스터",주기억 장치,Explain the specific mechanism by which the MMU translates logical addresses into physical addresses,Adds logical address to base register and checks range via limit register,"MMU, Base Register",Main Memory
컴퓨터구조,"캐시 메모리가 등장하게 된 배경과 L1, L2 캐시의 목적은 무엇인가요",느린 주기억 장치와 빠른 CPU 사이의 속도 차이를 완화하기 위해 사용함,상,"캐시 메모리, 속도 차이",주기억 장치,What is the background of cache memory and the purposes of L1 and L2 caches?,Used to mitigate the speed gap between slow main memory and fast CPU,"Cache Memory, Speed Gap",Main Memory
컴퓨터구조,캐시 적중률(Hit Ratio)은 어떻게 계산하며 시스템 성능에 어떤 영향을 주나요,캐시에서 데이터를 찾은 비율로 계산하며 적중률이 높을수록 접근 시간이 단축됨,중,"적중률, 캐시 히트",주기억 장치,How is the cache hit ratio calculated and how does it affect system performance?,Calculated by data find rate in cache; higher hit ratio reduces access time,"Hit Ratio, Cache Hit",Main Memory
컴퓨터구조,보조 기억 장치와 주기억 장치의 결정적인 차이점은 무엇인가요,보조 기억 장치는 비휘발성으로 데이터를 영구 저장할 수 있는 저장 매체임,상,"보조 기억 장치, 비휘발성",보조 기억 장치,What is the critical difference between secondary storage and main memory?,Secondary storage is non-volatile media for permanent data storage,"Secondary Storage, Non-volatile",Secondary Storage
컴퓨터구조,하드디스크(HDD)가 데이터를 저장하고 읽는 물리적인 방식은 어떠한가요,자기 디스크를 회전시키고 암(Arm)을 움직여 헤드로 데이터를 읽고 씀,중,"HDD, 자기 디스크",보조 기억 장치,What is the physical mechanism by which a Hard Disk Drive (HDD) stores and reads data?,Reads/writes data by rotating magnetic disks and moving the actuator arm,"HDD, Magnetic Disk",Secondary Storage
컴퓨터구조,"하드디스크 접근 시간을 구성하는 탐색 시간, 회전 지연, 전송 시간에 대해 설명해주세요","헤드 이동 시간, 섹터 회전 대기 시간, 실제 데이터 읽기 시간의 합임",중,"탐색 시간, 회전 지연",보조 기억 장치,"Explain seek time, rotational delay, and transfer time that constitute HDD access time","Sum of seek time, rotational latency, and data transfer time","Seek Time, Rotational Latency",Secondary Storage
컴퓨터구조,플래시 메모리 기반의 SSD가 HDD보다 빠르고 튼튼한 이유는 무엇인가요,움직이는 기계 부품 없이 전자적으로 작동하여 충격에 강하고 속도가 빠름,하,"SSD, 플래시메모리",보조 기억 장치,Why are flash-based SSDs faster and more durable than HDDs?,Operates electronically without moving parts; durable and fast,"SSD, Flash Memory",Secondary Storage
컴퓨터구조,RAID의 개념과 데이터 안정성을 높이기 위한 주요 레벨들을 설명해주세요,여러 디스크를 묶어 성능을 높이거나 복제 및 패리티를 통해 데이터를 보호함,상,"RAID, 미러링, 패리티",보조 기억 장치,Explain the concept of RAID and the major levels used to increase data reliability,Groups disks for performance or uses replication/parity for data protection,"RAID, Mirroring, Parity",Secondary Storage
컴퓨터구조,입출력 모듈이 CPU와 입출력 장치 사이에서 수행하는 역할은 무엇인가요,서로 다른 전송 속도와 데이터 형식을 중재하고 데이터 버퍼링을 수행함,하,"입출력 모듈, 중재",입출력 장치,What role does the I/O module play between the CPU and I/O devices?,Mediates different transfer speeds/formats and performs data buffering,"I/O Module, Mediation",I/O Devices
컴퓨터구조,DMA 방식이 기존의 인터럽트 방식보다 입출력 효율이 좋은 이유는 무엇인가요,CPU 개입 없이 입출력 장치와 메모리가 직접 데이터를 교환하여 CPU 부담을 줄임,중,"DMA, CPU 효율",입출력 장치,Why is DMA more efficient for I/O than the traditional interrupt-driven method?,I/O devices and memory exchange data directly without CPU intervention,"DMA, CPU Efficiency",I/O Devices
운영체제,운영체제의 정의와 커널이 시스템에서 수행하는 핵심 기능은 무엇인가요,하드웨어 자원을 효율적으로 관리하고 사용자에게 인터페이스를 제공하는 소프트웨어임,하,"운영체제, 커널, 자원 관리",운영체제 정의,Define Operating System and explain the core functions the kernel performs in the system,Software that manages hardware resources and provides user interfaces,"OS, Kernel, Resource Management",OS Definition
운영체제,시스템의 하드웨어 구성 요소와 운영체제가 이들을 관리하는 목적은 무엇인가요,"CPU, 메모리 등을 최대한 낭비 없이 효율적으로 사용하기 위해 관리함",하,"하드웨어 구성, 효율성",운영체제 정의,What are the hardware components of a system and the purpose of the OS managing them?,Manages CPU and memory to ensure efficient use without waste,"Hardware Configuration, Efficiency",OS Definition
운영체제,커널모드와 사용자모드의 차이점과 시스템콜이 발생하는 상황을 설명해주세요,특권명령 실행을 위해 사용자 프로그램이 커널에 서비스를 요청할 때 발생함,중,"커널모드, 시스템콜",하드웨어 수행 과정,"Explain the difference between kernel mode and user mode, and when system calls occur",Occurs when user programs request kernel services for privileged commands,"Kernel Mode, System Call",Hardware Execution Process
운영체제,입출력 장치 컨트롤러와 인터럽트를 이용한 I/O 처리 과정을 말씀해주세요,입출력 완료 후 컨트롤러가 CPU에 인터럽트를 보내 작업 완료를 알림,중,"인터럽트, 컨트롤러",하드웨어 수행 과정,Describe the process of I/O handling using I/O controllers and interrupts,Controller sends an interrupt to the CPU to notify I/O completion,"Interrupt, Controller",Hardware Execution Process
운영체제,문맥교환(Context Switch)의 정의와 이 과정에서 PCB가 어떻게 사용되나요,현재 실행 정보를 PCB에 백업하고 다음 프로세스의 PCB를 로드하여 전환함,상,"문맥교환, PCB",하드웨어 수행 과정,Define Context Switch and explain how the PCB is used during this process,Backs up current execution info to PCB and loads the next process's PCB,"Context Switch, PCB",Hardware Execution Process
운영체제,동기식 I/O와 비동기식 I/O 처리 시 CPU의 동작 방식은 어떻게 다른가요,동기식은 완료까지 대기하며 비동기식은 명령 후 즉시 다음 작업을 수행함,중,"동기식, 비동기식",하드웨어 수행 과정,How does CPU behavior differ between synchronous and asynchronous I/O processing?,Synchronous waits for completion; asynchronous proceeds immediately after command,"Synchronous, Asynchronous",Hardware Execution Process
운영체제,"프로세스의 주소 공간을 구성하는 코드, 데이터, 힙, 스택 영역의 특징은 무엇인가요","실행 코드, 전역 변수, 동적 할당, 함수 호출 정보를 각각의 영역에 저장함",상,"코드, 데이터, 힙, 스택",프로세스,"What are the characteristics of the Code, Data, Heap, and Stack areas in a process?","Stores code, global variables, dynamic allocation, and function calls in areas","Code, Data, Heap, Stack",Processes
운영체제,"프로세스의 상태가 Ready에서 Running, Blocked로 변화하는 과정을 설명해주세요","CPU 할당 시 Running, I/O 대기 시 Blocked, 완료 시 Ready로 전이됨",중,"프로세스 상태, 전이",프로세스,"Explain the transition of process states between Ready, Running, and Blocked","Transitions: Running (CPU assigned), Blocked (I/O wait), Ready (complete)","Process State, Transition",Processes
운영체제,"단기, 중기, 장기 스케줄러가 각각 어떤 시점에 개입하여 프로세스를 관리하나요","CPU 배분, 스왑 아웃 결정, 메모리 진입 결정 등 개입 시점과 역할이 다름",중,스케줄러 종류,프로세스,"When do short-term, mid-term, and long-term schedulers intervene to manage processes?","Different intervention points: CPU allocation, swap-out, or memory entry",Scheduler Types,Processes
운영체제,스레드의 개념과 프로세스 내에서 여러 스레드가 자원을 공유하는 방식은 무엇인가요,코드와 데이터는 공유하되 개별적인 스택과 PC를 가져 독립적 실행이 가능함,상,"스레드, 자원 공유",프로세스,Explain the concept of threads and how multiple threads share resources within a process,Shares code/data but has individual stacks and PCs for independent execution,"Thread, Resource Sharing",Processes
운영체제,멀티 스레딩의 이점과 공유 자원 접근 시 발생할 수 있는 문제점은 무엇인가요,응답성이 좋고 효율적이나 동기화 처리가 미흡하면 데이터 무결성이 깨질 수 있음,상,"멀티 스레딩, 동기화",프로세스,What are the benefits of multi-threading and the problems that can occur when accessing shared resources?,"Responsive and efficient, but poor synchronization can break data integrity","Multi-threading, Synchronization",Processes
운영체제,"CPU 스케줄링의 성능을 측정할 때 이용률, 처리량, 응답시간을 어떻게 활용하나요","시스템은 이용률과 처리량을, 사용자는 응답과 대기시간을 짧게 하는 것이 목표임",중,스케줄링 지표,CPU 스케줄링,"How are utilization, throughput, and response time used to measure CPU scheduling performance?",Goal: System high utilization/throughput; User low response/wait time,Scheduling Metrics,CPU Scheduling
운영체제,"FCFS, SJF, Round Robin 등 주요 스케줄링 알고리즘의 특징을 비교해주세요","들어온 순서, 짧은 순서, 혹은 할당 시간 단위로 순환하며 CPU를 부여함",상,스케줄링 알고리즘,CPU 스케줄링,"Compare the characteristics of major scheduling algorithms such as FCFS, SJF, and Round Robin","Assigns CPU by arrival order, shortest job, or time-slice rotation",Scheduling Algorithms,CPU Scheduling
운영체제,Race Condition의 정의와 멀티 프로세스 환경에서 이 문제가 발생하는 이유는 무엇인가요,여러 주체가 공유 자원에 동시 접근하여 결과값이 일관되지 않는 현상임,상,Race Condition,동기화와 데드락,Define Race Condition and explain why it occurs in a multi-process environment,Phenomenon where concurrent access to shared resources leads to inconsistency,Race Condition,Synchronization & Deadlock
운영체제,임계 구역(Critical Section) 문제 해결을 위한 상호 배제와 진행 조건에 대해 설명해주세요,한 번에 하나만 진입하고 대기 중인 프로세스가 있다면 진입을 보장해야 함,중,"임계 구역, 상호 배제",동기화와 데드락,Explain Mutual Exclusion and Progress conditions for solving the Critical Section problem,Only one enters at a time; must guarantee entry for waiting processes,"Critical Section, Mutual Exclusion",Synchronization & Deadlock
운영체제,세마포어와 뮤텍스의 동작 원리와 두 방식의 결정적인 차이점은 무엇인가요,"세마포어는 신호 기반으로 다수 자원을, 뮤텍스는 락 기반으로 1개 자원을 관리함",상,"세마포어, 뮤텍스",동기화와 데드락,"Explain the principles of Semaphores and Mutexes, and the critical difference between them",Semaphore manages multiple resources (signal); Mutex manages one (lock),"Semaphore, Mutex",Synchronization & Deadlock
운영체제,데드락(Deadlock)이 발생하기 위한 4가지 필수 조건은 무엇인가요,"상호 배제, 점유 대기, 비선점, 순환 대기가 모두 충족될 때 발생함",상,"데드락, 발생 조건",동기화와 데드락,What are the four necessary conditions for a Deadlock to occur?,"Occurs when mutual exclusion, hold-and-wait, no preemption, and circular wait are met","Deadlock, Occurrence Conditions",Synchronization & Deadlock
운영체제,데드락 회피를 위한 은행원 알고리즘의 작동 원리와 안정 상태의 개념은 무엇인가요,자원 할당 후에도 데드락 가능성이 없는 안정 상태일 때만 자원을 내어줌,상,"은행원 알고리즘, 회피",동기화와 데드락,Explain the principle of the Banker's Algorithm for deadlock avoidance and the concept of a Safe State,Grants resources only when a 'Safe State' is maintained without deadlock risk,"Banker's Algorithm, Avoidance",Synchronization & Deadlock
운영체제,메모리 관리 기법 중 고정 분할과 가변 분할 방식의 차이점은 무엇인가요,미리 나누어 두느냐 프로그램 크기에 맞춰 동적으로 나누느냐의 차이임,중,"연속할당, 외부 조각",메모리 관리,What is the difference between fixed partitioning and variable partitioning in memory management?,Difference between pre-partitioning vs. dynamic partitioning by program size,"Continuous Allocation, External Fragmentation",Memory Management
운영체제,페이징(Paging) 기법에서 주소 변환이 이루어지는 과정과 페이지 테이블의 역할을 설명해주세요,논리 주소의 페이지 번호를 테이블에서 찾아 실제 프레임 주소로 변환함,상,"페이징, 페이지 테이블",메모리 관리,Explain the address translation process in paging and the role of the page table,Translates logical page numbers to physical frame addresses using a table,"Paging, Page Table",Memory Management
운영체제,LRU와 LFU 페이지 교체 알고리즘의 차이점과 각각의 장단점은 무엇인가요,가장 오래전 사용 여부(LRU)와 사용 횟수(LFU) 중 무엇을 중시하느냐의 차이임,중,"페이지 교체, LRU",가상 메모리,What are the differences between LRU and LFU page replacement algorithms and their pros/cons?,Difference between prioritizing least recently used (LRU) vs. least frequently used (LFU),"Page Replacement, LRU",Virtual Memory
운영체제,파일 시스템에서 사용자의 접근 권한을 관리하는 ACL과 그룹핑 방식에 대해 설명해주세요,파일별 권한 목록을 두거나 소유자/그룹별로 권한 비트를 부여하여 보호함,중,"파일 보호, ACL",파일 시스템,Explain ACL (Access Control List) and grouping methods for managing user access rights in file systems,Protects via permission lists (ACL) or owner/group permission bits,"File Protection, ACL",File System
운영체제,디스크 할당 방식 중 인덱스 할당(Indexed Allocation)의 장점과 구현 방식은 무엇인가요,인덱스 블록에 데이터 위치 정보를 모아두어 파일에 대한 직접 접근을 가능케 함,중,"인덱스 할당, 직접 접근",파일 시스템,What are the advantages and implementation of Indexed Allocation in disk storage?,Collects data locations in an index block to allow direct file access,"Indexed Allocation, Direct Access",File System
운영체제,디스크 스케줄링의 목적과 SCAN 기법이 SSTF 방식보다 우수한 점은 무엇인가요,헤드 이동 거리를 줄이되 기아 상태를 방지하고 대기 시간을 균일하게 함,중,"디스크 스케줄링, SCAN",디스크 관리,What is the purpose of disk scheduling and why is the SCAN technique superior to SSTF?,Reduces head movement while preventing starvation and unifying wait times,"Disk Scheduling, SCAN",Disk Management
네트워크,OSI 7계층의 각 단계와 계층화의 목적에 대해 설명해주시겠어요?,네트워킹 표준을 7단계로 나누어 문제 발생 시 해당 계층만 독립적으로 해결함,중,"OSI 7계층, 응용, 전송, 물리",네트워크,Explain the stages of the OSI 7-layer model and the purpose of layering,Standardizes networking into 7 layers to isolate and solve issues independently,"OSI 7 Layers, Application, Transport, Physical",Networking
네트워크,"서버 부하를 분산하는 로드밸런서의 개념과 L4, L7 로드밸런서의 차이점은 무엇인가요?",L4는 포트와 IP 기반으로 분산하고 L7은 애플리케이션 패킷 내용까지 확인하여 분산함,중,"로드밸런서, L4, L7, 분산방식",네트워크,Concept of load balancers and the differences between L4 and L7 load balancers,L4 balances by Port/IP; L7 balances by analyzing application packet content,"Load Balancer, L4, L7, Distribution",Networking
네트워크,블로킹/논블로킹과 동기/비동기 방식의 차이를 기술적인 관점에서 비교해주세요,호출된 함수의 종료를 기다리는지 여부와 완료 통지 방식의 조합 차이임,상,"Blocking, Non-Blocking, Sync",네트워크,Technical comparison between Blocking/Non-blocking and Synchronous/Asynchronous,Combination of waiting for function termination and completion notification style,"Blocking, Non-Blocking, Sync",Networking
네트워크,네트워크를 통해 데이터가 전달되는 캡슐화와 역캡슐화 과정을 설명해주세요,"응용계층 데이터에 각 계층의 헤더가 붙어 세그먼트, 패킷, 프레임으로 변환됨",중,"캡슐화, 헤더, 데이터전달",네트워크,Explain the encapsulation and decapsulation processes in network data transmission,"Application data gets headers, becoming segments, packets, and frames","Encapsulation, Header, Data Transfer",Networking
네트워크,패킷 전송 시 발생하는 딜레이의 종류와 그 원인은 무엇인가요?,"처리, 큐잉, 전송, 전파 지연으로 나뉘며 라우터 성능이나 대역폭의 영향을 받음",중,"딜레이, 라우터성능, 전송지연",네트워크,Types and causes of delays occurring during packet transmission,"Split into processing, queuing, transmission, and propagation delays","Delay, Router Performance, Transmission Delay",Networking
네트워크,HTTP 프로토콜의 특징과 신뢰성 있는 통신을 위해 TCP를 사용하는 이유를 말씀해주세요,하이퍼텍스트 전송을 위한 규약으로 신뢰성을 위해 TCP 연결을 먼저 성립함,하,"HTTP, TCP 연결, 요청응답",응용계층,Characteristics of HTTP and the reasons for using TCP for reliable communication,Protocol for hypertext; establishes TCP connection first for reliability,"HTTP, TCP Connection, Request-Response",Application Layer
네트워크,DNS 시스템이 도메인 이름을 IP 주소로 변환하는 계층적 원리는 무엇인가요?,전 세계에 분산된 서버 구조를 통해 URL에 해당하는 IP를 단계별로 찾아 반환함,하,"DNS, IP변환, 계층구조",응용계층,Hierarchical principles of how the DNS system translates domain names into IP addresses,Step-by-step IP lookup for URLs via a globally distributed server structure,"DNS, IP Resolution, Hierarchy",Application Layer
네트워크,전송 계층의 주요 기능인 멀티플렉싱과 디멀티플렉싱은 어떻게 이루어지나요?,여러 프로세스의 데이터를 하나로 묶거나 헤더의 포트 번호를 확인해 소켓으로 전달함,중,"멀티플렉싱, 포트번호, 소켓",전송계층,How multiplexing and demultiplexing function in the transport layer,Multiplexes data from processes or demultiplexes to sockets via port numbers,"Multiplexing, Port Number, Socket",Transport Layer
네트워크,TCP와 UDP의 결정적인 차이점과 각각 어떤 상황에서 사용되는지 설명해주세요,TCP는 신뢰성 중심의 연결형이며 UDP는 속도 중심의 비연결형 프로토콜임,중,"TCP, UDP, 신뢰성, 속도",전송계층,Critical differences between TCP and UDP and their respective use cases,TCP is reliability-focused (connected); UDP is speed-focused (connectionless),"TCP, UDP, Reliability, Speed",Transport Layer
네트워크,신뢰성 있는 데이터 전송을 위한 RDT 프로토콜의 작동 원리는 무엇인가요?,체크섬과 타이머 및 시퀀스 넘버를 활용해 패킷의 에러와 유실을 방지함,중,"RDT, 에러체크, 재전송",전송계층,Principles of the RDT (Reliable Data Transfer) protocol,"Uses checksums, timers, and sequence numbers to prevent errors and loss","RDT, Error Check, Retransmission",Transport Layer
네트워크,파이프라인 전송 방식인 GBN과 Selective Repeat의 차이점을 설명해주세요,GBN은 유실 시 윈도우 전체를 재전송하고 SR은 손실된 패킷만 선택적으로 재전송함,상,"GBN, Selective Repeat",전송계층,Differences between GBN (Go-Back-N) and Selective Repeat in pipelined transmission,GBN resends the whole window on loss; SR resends only the lost packets,"GBN, Selective Repeat",Transport Layer
네트워크,TCP의 3-way 및 4-way handshake 과정을 통해 연결이 성립되고 해제되는 방식을 설명해주세요,통신 시작 전 연결을 맺고 종료 시 데이터 잔량을 확인하며 안전하게 연결을 해제함,상,"Handshake, SYN, ACK, FIN",전송계층,Connection establishment and termination via TCP 3-way and 4-way handshakes,Connects before communicating and safely disconnects after checking data,"Handshake, SYN, ACK, FIN",Transport Layer
네트워크,TCP의 흐름 제어(Flow Control) 기법은 구체적으로 어떻게 동작하나요?,수신 측의 남은 버퍼 크기를 송신 측에 공유하여 처리 가능한 양만큼만 보내게 함,중,"흐름제어, 슬라이딩윈도우",전송계층,Specific mechanisms of how TCP Flow Control operates,Shares receiver's buffer size with sender to prevent buffer overflow,"Flow Control, Sliding Window",Transport Layer
네트워크,TCP의 혼잡 제어(Congestion Control)가 필요한 이유와 주요 3가지 페이즈를 설명해주세요,네트워크 과부하를 막기 위해 Slow Start 등으로 전송량을 조절하며 상태를 유추함,상,"혼잡제어, Slow Start, 회피",전송계층,Reasons for TCP Congestion Control and its three main phases,Regulates transfer rate via Slow Start to prevent network congestion,"Congestion Control, Slow Start, Avoidance",Transport Layer
네트워크,라우터가 패킷을 받아 목적지로 전달하기 위해 수행하는 핵심 역할은 무엇인가요?,목적지 주소를 확인하고 라우팅 테이블을 참조하여 최적의 경로로 패킷을 포워딩함,중,"라우터, 포워딩, 라우팅테이블",네트워크계층,Core role of a router in receiving and forwarding packets to their destinations,Checks destination and forwards packets via optimal routes using routing tables,"Router, Forwarding, Routing Table",Network Layer
네트워크,IP 주소의 계층적 구조와 서브넷 마스크를 통해 네트워크를 구분하는 이유는 무엇인가요?,네트워크와 호스트를 구분하여 복잡한 라우팅 테이블을 효율적으로 관리하기 위함임,하,"IP주소, 서브넷마스크, 계층화",네트워크계층,Hierarchical structure of IP addresses and the purpose of using subnet masks,Distinguishes networks from hosts to manage complex routing tables efficiently,"IP Address, Subnet Mask, Hierarchy",Network Layer
네트워크,NAT 기술이 주소 부족 문제를 해결하는 원리와 보안상의 장점을 말씀해주세요,사설 IP를 공인 IP로 변환하여 주소를 절약하고 내부 네트워크 구조를 외부에 감춤,중,"NAT, 공인IP, 사설IP",네트워크계층,Principles of NAT in solving address scarcity and its security advantages,Converts private IPs to public to save addresses and hide internal structure,"NAT, Public IP, Private IP",Network Layer
네트워크,DHCP 프로토콜을 통해 IP가 자동으로 할당되는 4단계 과정을 설명해주시겠어요?,"Discover, Offer, Request, ACK의 과정을 브로드캐스트를 활용해 진행함",중,"DHCP, IP자동할당",네트워크계층,Four-step process of automatic IP assignment via the DHCP protocol,"Performs Discover, Offer, Request, and ACK steps using broadcasts","DHCP, Automatic IP Assignment",Network Layer
네트워크,라우팅 알고리즘 중 링크 상태 방식과 거리 벡터 방식의 차이는 무엇인가요?,전체 네트워크 정보를 아는지 혹은 이웃 라우터의 정보만 활용하는지의 차이임,상,"다익스트라, 거리벡터, 알고리즘",네트워크계층,Differences between link-state and distance-vector routing algorithms,Difference between knowing the full network info vs. only neighboring routers,"Dijkstra, Distance Vector, Algorithm",Network Layer
네트워크,이더넷이란 무엇이며 LAN 환경에서 활용되는 네트워크 규칙에 대해 설명해주세요,LAN에서 가장 많이 활용되는 규칙으로 CSMA/CD 프로토콜을 사용하여 통신함,하,"이더넷, LAN, 네트워크규칙",데이터링크계층,Definition of Ethernet and network rules applied in LAN environments,Most common LAN rule; communicates using the CSMA/CD protocol,"Ethernet, LAN, Network Rules",Data Link Layer
네트워크,이더넷 환경에서 충돌을 방지하는 CSMA/CD 프로토콜의 동작 원리는 무엇인가요?,케이블 신호를 감지해 전송하고 충돌 시 랜덤 시간 대기 후 재전송하는 방식임,중,"CSMA/CD, 충돌감지",데이터링크계층,Principles of the CSMA/CD protocol for collision prevention in Ethernet,Senses cable signals; waits random time to retransmit after a collision,"CSMA/CD, Collision Detection",Data Link Layer
네트워크,MAC 주소의 구조와 IP 주소와는 다른 물리적 주소로서의 특징을 설명해주세요,장비 제조 시 부여되는 48비트 고유 식별 번호로 변경이 불가능한 물리 주소임,하,"MAC주소, 물리주소, 48비트",데이터링크계층,Structure of MAC addresses and their characteristics as physical addresses,Immutable 48-bit unique identifier assigned during hardware manufacturing,"MAC Address, Physical Address, 48-bit",Data Link Layer
네트워크,ARP 프로토콜이 IP 주소를 이용해 상대방의 MAC 주소를 알아내는 과정은 어떠한가요?,브로드캐스트로 요청을 보내 해당 IP를 가진 장치의 물리 주소를 받아 테이블에 저장함,중,"ARP, MAC주소, IP매핑",데이터링크계층,Process of the ARP protocol resolving MAC addresses using IP addresses,Sends broadcast to get MAC addresses for IPs and stores them in a table,"ARP, MAC Address, IP Mapping",Data Link Layer
네트워크,스위치는 LAN 내에서 어떤 기능을 수행하며 스위치 테이블은 어떻게 활용되나요?,목적지 맥주소와 포트 번호를 매핑하여 패킷을 원하는 곳에 충돌 없이 전달함,하,"스위치, 스위치테이블, 포트",데이터링크계층,Functions of a switch in a LAN and the utilization of switch tables,Maps destination MACs to ports to deliver packets without collisions,"Switch, Switch Table, Port",Data Link Layer
네트워크,"네트워크 보안의 3요소인 기밀성, 무결성, 가용성에 대해 각각 설명해주세요","허가된 접근 보장(기밀성), 변조 방지(무결성), 지속적 서비스 운영(가용성)임",중,"기밀성, 무결성, 가용성",네트워크보안,"Explain the CIA triad of network security: Confidentiality, Integrity, and Availability","CIA triad: Confidentiality, Integrity, and Availability","Confidentiality, Integrity, Availability",Network Security
네트워크,대칭키와 비대칭키 암호화 방식의 차이점과 각각의 장단점을 말씀해주세요,"동일 키를 쓰는 대칭키는 빠르고, 공개/비밀키를 쓰는 비대칭키는 키 전달이 안전함",중,"대칭키, 비대칭키, 암호화",네트워크보안,"Differences between symmetric and asymmetric encryption, including pros and cons",Symmetric (same key) is fast; Asymmetric (public/private) is secure for key transfer,"Symmetric Key, Asymmetric Key, Encryption",Network Security
네트워크,HTTP와 HTTPS의 차이점과 SSL/TLS 프로토콜이 추가된 이유는 무엇인가요?,데이터 가로채기를 방지하기 위해 SSL/TLS를 이용해 HTTP 메시지를 암호화함,하,"HTTP, HTTPS, 데이터보안",네트워크보안,Differences between HTTP and HTTPS and the reason for adding SSL/TLS,Encrypts HTTP messages using SSL/TLS to prevent data interception,"HTTP, HTTPS, Data Security",Network Security
네트워크,SSL/TLS Handshake를 통해 HTTPS 연결이 확립되는 과정을 설명해주시겠어요?,서버 인증서를 검증하고 비대칭키로 대칭키를 안전하게 교환하여 통신을 준비함,상,"SSL, Handshake, 인증서",네트워크보안,Process of establishing an HTTPS connection via SSL/TLS handshake,Verifies certificates and exchanges symmetric keys safely via asymmetric encryption,"SSL, Handshake, Certificate",Network Security
네트워크,웹 보안을 위협하는 XSS와 CSRF 공격의 차이점과 각각의 방어 대책은 무엇인가요?,XSS는 악성 스크립트 실행이 목적이고 CSRF는 사용자의 권한을 도용한 요청 위조임,상,"XSS, CSRF, 웹보안방어",네트워크보안,Differences between XSS and CSRF attacks and their respective countermeasures,XSS executes malicious scripts; CSRF forges requests using user authority,"XSS, CSRF, Web Security Defense",Network Security
네트워크,브루트포스 공격과 버퍼 오버플로 공격의 원리와 이에 대한 방어법을 설명해주세요,무차별 대입 방지를 위해 조합을 늘리고 입력값 크기 체크로 메모리 침범을 막음,중,"브루트포스, 버퍼오버플로",네트워크보안,Principles and defenses for brute-force and buffer overflow attacks,Prevents brute-force via complexity and prevents memory overflows via size checks,"Brute Force, Buffer Overflow",Network Security
데이터베이스,"데이터베이스의 정의와 실시간 접근성, 동시성 등 주요 특징들에 대해 설명해주시겠어요?",여러 사람이 공유할 목적으로 만든 데이터 저장소이며 실시간 접근과 무결성 등의 특징을 가짐,하,"데이터베이스, 무결성, 실시간접근성",데이터베이스개요,Definition of a database and its key features like real-time accessibility and concurrency,Shared data repository featuring real-time access and data integrity,"Database, Integrity, Real-time Accessibility",Database Overview
데이터베이스,DBMS란 무엇이며 대표적인 시스템의 종류에는 어떤 것들이 있나요?,데이터베이스 내 데이터에 접근하여 저장 및 수정을 돕는 시스템으로 MySQL과 오라클이 대표적임,하,"DBMS, MySQL, 오라클",데이터베이스개요,Definition of DBMS and types of representative database systems,"System for DB access/storage/modifications (e.g., MySQL, Oracle)","DBMS, MySQL, Oracle",Database Overview
데이터베이스,"SQL 언어의 종류인 DDL, DML, DCL의 차이점과 대표적인 명령어를 말씀해주세요",구조를 정의하는 DDL과 데이터를 조작하는 DML 및 권한을 제어하는 DCL로 구분함,중,"DDL, DML, DCL",데이터베이스개요,"Differences between DDL, DML, and DCL with representative commands","Split into DDL (structure), DML (data manipulation), and DCL (permissions)","DDL, DML, DCL",Database Overview
데이터베이스,"데이터베이스 모델링 단계인 개념적, 논리적, 물리적 모델링의 차이는 무엇인가요?",요구사항 분석 후 ERD를 거쳐 테이블 형태의 물리적 구조로 구체화하는 과정임,상,"모델링, ERD, 스키마",데이터베이스개요,"Differences between conceptual, logical, and physical database modeling",Process of materializing physical tables from requirements via ERD,"Modeling, ERD, Schema",Database Overview
데이터베이스,"기본키, 외래키, 후보키 등 다양한 키의 종류와 각각의 특징에 대해 설명해주세요",유일성과 최소성을 바탕으로 행을 식별하거나 다른 테이블을 참조함,중,"기본키, 외래키, 후보키",데이터베이스개요,"Types and characteristics of database keys: Primary, Foreign, Candidate, etc.",Identifies rows based on uniqueness/minimality or references other tables,"Primary Key, Foreign Key, Candidate Key",Database Overview
데이터베이스,INNER JOIN과 OUTER JOIN 등 조인의 종류와 각각의 차이점은 무엇인가요?,두 테이블을 연결하여 검색하며 공통된 열을 기준으로 데이터를 결합함,중,"조인, INNERJOIN, OUTERJOIN",SQL다루기,"Types of SQL joins, including INNER JOIN and OUTER JOIN, and their differences",Connects tables to search and combines data based on common columns,"Join, INNER JOIN, OUTER JOIN",SQL Handling
데이터베이스,SQL과 NoSQL의 결정적인 차이와 NoSQL이 적합한 상황은 언제인가요?,비정형 데이터 처리에 특화되어 스키마 없이 빠른 확장이 가능한 구조임,중,"SQL, NoSQL, 비정형데이터",SQL다루기,Critical differences between SQL and NoSQL and ideal scenarios for NoSQL,Schema-less structure optimized for unstructured data and rapid scaling,"SQL, NoSQL, Unstructured Data",SQL Handling
데이터베이스,시스템 부하를 줄이기 위해 사용되는 데이터 페이징 처리는 무엇인가요?,방대한 데이터 중 사용자가 볼 수 있는 만큼만 끊어서 보여주는 방식임,하,"페이징, 부하감소, 데이터조회",SQL다루기,Definition and purpose of data paging to reduce system load,Method of slicing vast data into chunks viewable by the user,"Paging, Load Reduction, Data Retrieval",SQL Handling
데이터베이스,"데이터베이스 이상현상인 삽입, 수정, 삭제 이상의 정의와 발생 원인을 설명해주세요",중복 저장으로 인해 데이터 조작 시 불일치나 정보 손실이 발생하는 현상임,중,"이상현상, 삽입이상, 삭제이상",정규화,"Definition and causes of database anomalies: Insertion, Update, and Deletion",Inconsistency or data loss during manipulation due to redundant storage,"Anomaly, Insertion Anomaly, Deletion Anomaly",Normalization
데이터베이스,정규화의 개념과 릴레이션을 분해할 때 반드시 지켜야 할 조건은 무엇인가요?,중복을 최소화하기 위한 구조화 작업이며 무손실 분해가 가능해야 함,중,"정규화, 함수적종속성, 무손실분해",정규화,Concept of normalization and required conditions for relation decomposition,Structuring to minimize redundancy; must allow lossless decomposition,"Normalization, Functional Dependency, Lossless Decomposition",Normalization
데이터베이스,제1정규형부터 BCNF까지 정규화가 진행되는 단계별 특징을 말씀해주세요,원자값 확보부터 이행적 종속 제거 및 결정자의 후보키 여부를 판단함,상,"정규형, 1NF, 2NF, 3NF, BCNF",정규화,Step-by-step characteristics of normalization from 1NF to BCNF,Steps from ensuring atomic values to removing transitive dependencies,"Normal Form, 1NF, 2NF, 3NF, BCNF",Normalization
데이터베이스,트랜잭션의 정의와 신뢰성을 보장하는 ACID 특성에 대해 설명해주시겠어요?,"논리적 작업 단위로 원자성, 일관성, 격리성, 지속성을 모두 만족해야 함",중,"트랜잭션, ACID, 원자성",트랜잭션,Definition of transactions and the ACID properties that guarantee reliability,Logical unit of work that must satisfy the ACID properties,"Transaction, ACID, Atomicity",Transactions
데이터베이스,"트랜잭션이 실행 중에 거치게 되는 활동, 완료, 실패 등의 상태를 설명해주세요",정상 완료인 커밋부터 오류로 인한 중단까지 다양한 실행 상태를 가짐,하,"트랜잭션상태, 커밋, 중단",트랜잭션,"States of a transaction during execution: Active, Committed, Failed, etc.",Has various states ranging from committed (success) to aborted (failure),"Transaction State, Commit, Abort",Transactions
데이터베이스,트랜잭션 격리 수준의 단계와 각 단계에서 발생할 수 있는 데이터 문제는 무엇인가요?,Dirty Read와 Phantom Read 방지를 위해 정확도와 동시성 사이를 조절함,상,"격리수준, DirtyRead, PhantomRead",트랜잭션,Transaction isolation levels and potential data issues at each level,Balances accuracy and concurrency to prevent Dirty/Phantom Reads,"Isolation Level, Dirty Read, Phantom Read",Transactions
데이터베이스,트랜잭션의 교착 상태 빈도를 낮추기 위한 구체적인 방법은 무엇인가요?,자주 커밋을 수행하고 정해진 순서로 테이블에 접근하는 방식을 사용함,중,"데드락, 커밋, 접근순서",트랜잭션,Specific methods to reduce the frequency of transaction deadlocks,Uses frequent commits and fixed table access orders to reduce deadlocks,"Deadlock, Commit, Access Order",Transactions
데이터베이스,데이터베이스 회복 기법에서 로그를 활용한 Redo와 Undo 연산의 차이는 무엇인가요?,장애 전으로 복구하기 위해 연산을 재실행하거나 취소하는 복구 방식임,중,"회복기법, Redo, Undo",트랜잭션,Differences between Redo and Undo operations in log-based database recovery,Recovery method by redoing or undoing operations to restore state,"Recovery Technique, Redo, Undo",Transactions
데이터베이스,병행 제어의 개념과 로킹 기법을 통해 데이터 일관성을 유지하는 방법은 무엇인가요?,여러 트랜잭션이 동시에 실행될 때 독점권 요청과 반납을 통해 제어함,중,"병행제어, 로킹기법",트랜잭션,Concept of concurrency control and maintaining consistency via locking,Controls concurrent transactions via requesting and releasing exclusive rights,"Concurrency Control, Locking Technique",Transactions
데이터베이스,인덱스란 무엇이며 검색 속도 향상을 위해 인덱스가 필요한 이유는 무엇인가요?,추가 저장 공간을 활용해 B+Tree 등의 자료구조로 전체 스캔 없이 데이터를 찾음,하,"인덱스, 검색성능, 자료구조",인덱스,Definition of an index and why it is necessary for improving search speed,Uses B+Tree to find data without full scans via extra storage space,"Index, Search Performance, Data Structure",Index
데이터베이스,클러스터형 인덱스와 비클러스터형 인덱스의 내부 저장 구조 차이는 무엇인가요?,실제 데이터가 정렬되는 방식과 별도 페이지를 생성하는 방식의 차이임,상,"클러스터형인덱스, 보조인덱스",인덱스,Structural differences between clustered and non-clustered indexes,Difference between sorting actual data vs. creating separate index pages,"Clustered Index, Secondary Index",Index
데이터베이스,인덱스 구현에 주로 사용되는 B+Tree 자료구조의 특징과 장점은 무엇인가요?,루트와 리프 노드 이동을 통해 데이터 탐색 속도를 극대화하는 구조임,상,"B+Tree, 노드탐색",인덱스,Characteristics and advantages of the B+Tree structure used in indexing,Structure that maximizes search speed via root-to-leaf node navigation,"B+Tree, Node Search",Index
데이터베이스,두 개 이상의 컬럼을 조합한 복합인덱스 설정 시 주의해야 할 사항은 무엇인가요?,컬럼의 순서가 중요하며 단일 인덱스보다 DML 효율이 떨어질 수 있음,중,"복합인덱스, 컬럼순서",인덱스,Precautions when setting up composite indexes (multi-column indexes),Column order is vital; may reduce DML efficiency compared to single indexes,"Composite Index, Column Order",Index
데이터베이스,인덱스로 인해 오히려 DML 성능이 저하되는 상황은 어떤 경우인가요?,INSERT나 DELETE 시 페이지 분할과 사용 안 됨 표시로 부하가 발생함,중,"페이지분할, DML저하",인덱스,"Scenarios where indexes degrade DML (Insert, Update, Delete) performance",Causes overhead during Insert/Delete due to page splits or 'deleted' markers,"Page Split, DML Degradation",Index
데이터베이스,인덱스를 생성할 컬럼을 선정할 때 어떤 기준을 고려하는 것이 가장 좋은가요?,카디널리티가 높고 WHERE절이나 조인에 자주 사용되는 열을 선정함,상,"컬럼선정, 카디널리티",인덱스,Best criteria to consider when selecting columns for index creation,Selects columns with high cardinality or frequent use in WHERE/JOIN clauses,"Column Selection, Cardinality",Index
데이터베이스,샤딩과 파티셔닝의 차이점과 대용량 데이터 처리 시 각각의 활용법은 무엇인가요?,물리적으로 서버를 나누는 샤딩과 논리적으로 테이블을 가르는 파티셔닝임,상,"샤딩, 파티셔닝, 분산저장",데이터최적화,Differences between sharding and partitioning and their use in big data,Sharding (physical server split) vs. Partitioning (logical table split),"Sharding, Partitioning, Distributed Storage",Data Optimization
데이터베이스,SQL 인젝션 공격의 원리와 이를 방어하기 위한 Prepared Statement의 원리는 무엇인가요?,사용자 입력값을 쿼리와 분리하여 바인딩함으로써 악성 코드 실행을 막음,중,"SQL인젝션, PreparedStatement",데이터베이스보안,Principles of SQL Injection and how Prepared Statements prevent it,Prevents malicious code by binding user inputs separately from queries,"SQL Injection, Prepared Statement",Database Security
자료구조,자료구조를 학습해야 하는 이유와 이를 통해 얻을 수 있는 이점은 무엇인가요,효율적인 알고리즘 구현 및 문제 해결 능력을 키워 최적의 데이터 관리를 가능하게 함,하,"자료구조, 알고리즘, 효율성",자료구조개요,Why should we study data structures and what are the benefits?,Enables optimal data management by improving algorithm and problem-solving skills,"Data Structure, Algorithm, Efficiency",Data Structure Overview
자료구조,선형 자료구조와 비선형 자료구조의 결정적인 차이점에 대해 설명해주시겠어요,데이터가 순차적으로 배치되는지 혹은 계층적·망형으로 연결되는지의 차이임,하,"선형, 비선형, 계층구조",자료구조개요,Explain the critical difference between linear and non-linear data structures,Difference between sequential placement vs. hierarchical/networked connections,"Linear, Non-linear, Hierarchy",Data Structure Overview
자료구조,배열과 리스트의 메모리 구조 차이와 각각 어느 상황에 적합한지 말씀해주세요,배열은 연속 메모리의 고정 크기이며 리스트는 동적 크기로 삽입·삭제가 빈번할 때 유리함,중,"배열, 리스트, 메모리구조",배열과리스트,Memory structure differences between arrays and lists and their suitable use cases,Arrays have fixed size/contiguous memory; Lists are dynamic and better for inserts,"Array, List, Memory Structure",Arrays & Lists
자료구조,ArrayList와 LinkedList의 구현 방식과 시간 복잡도 관점에서의 차이는 무엇인가요,인덱스 접근은 ArrayList가 빠르고 중간 데이터의 삽입과 삭제는 LinkedList가 효율적임,중,"ArrayList, LinkedList, 포인터",배열과리스트,Implementation and time complexity differences between ArrayList and LinkedList,ArrayList is fast for index access; LinkedList is efficient for middle inserts,"ArrayList, LinkedList, Pointer",Arrays & Lists
자료구조,스택 자료구조의 핵심적인 특징과 주로 사용되는 연산에 대해 설명해주세요,나중에 들어온 데이터가 먼저 나가는 후입선출 구조로 push와 pop 연산을 사용함,하,"스택, LIFO, push, pop",스택과큐,Core characteristics and primary operations of the Stack data structure,Last-In-First-Out (LIFO) structure using push and pop operations,"Stack, LIFO, push, pop",Stacks & Queues
자료구조,큐 자료구조의 동작 원리와 실생활 예시를 들어 설명해주시겠어요,먼저 들어온 데이터가 먼저 나가는 선입선출 구조로 줄 서기 방식과 유사함,하,"큐, FIFO, enqueue, dequeue",스택과큐,Operating principles of the Queue data structure with real-world examples,First-In-First-Out (FIFO) structure similar to standing in a line,"Queue, FIFO, enqueue, dequeue",Stacks & Queues
자료구조,덱(Deque) 자료구조란 무엇이며 스택이나 큐와 비교했을 때 어떤 장점이 있나요,양방향에서 삽입과 삭제가 모두 가능하여 스택과 큐의 기능을 동시에 수행할 수 있음,중,"덱, Deque, 양방향연산",스택과큐,What is a Deque and its advantages over Stacks or Queues?,Allows insertion/deletion from both ends; combines Stack and Queue features,"Deque, Deque, Bidirectional Operation",Stacks & Queues
자료구조,해시 테이블의 개념과 평균적인 시간 복잡도가 O(1)인 이유는 무엇인가요,해시 함수를 통해 키를 배열 인덱스로 매핑하여 데이터에 직접 접근하기 때문임,중,"해시테이블, 해시함수, O(1)",해시테이블,Concept of Hash Tables and why their average time complexity is O(1),Provides direct access by mapping keys to array indices via hash functions,"Hash Table, Hash Function, O(1)",Hash Tables
자료구조,효율적인 해시 테이블 운영을 위한 좋은 해시 함수의 조건은 무엇인가요,연산 속도가 빠르고 충돌을 최소화하며 데이터가 고르게 분포되도록 설계해야 함,상,"해시함수, 고른분포, 충돌최소화",해시테이블,Conditions for a good hash function for efficient hash table operation,"Designed for fast operations, minimal collisions, and even data distribution","Hash Function, Even Distribution, Collision Minimization",Hash Tables
자료구조,해시 충돌을 해결하기 위한 개방 주소법과 체이닝 방식의 차이점을 설명해주세요,빈 공간을 찾는 개방 주소법과 연결 리스트로 데이터를 잇는 체이닝 방식으로 나뉨,상,"해시충돌, 개방주소법, 체이닝",해시테이블,Differences between Open Addressing and Chaining for hash collision resolution,Split into Open Addressing (finding empty slots) and Chaining (using lists),"Hash Collision, Open Addressing, Chaining",Hash Tables
자료구조,그래프 탐색 기법인 BFS와 DFS의 구현 방식과 특징에 대해 말씀해주세요,BFS는 큐를 활용한 너비 우선 탐색이며 DFS는 재귀나 스택을 이용한 깊이 우선 탐색임,중,"BFS, DFS, 큐, 스택",그래프,Implementation and characteristics of graph traversal techniques: BFS and DFS,BFS uses a Queue (Breadth-First); DFS uses Recursion/Stack (Depth-First),"BFS, DFS, Queue, Stack",Graphs
자료구조,그래프를 구현하는 두 가지 방식인 인접 행렬과 인접 리스트의 차이는 무엇인가요,정방 행렬을 사용하는 방식과 연결 리스트로 인접 노드를 연결하는 방식의 차이임,중,"인접행렬, 인접리스트",그래프,Differences between Adjacency Matrix and Adjacency List for graph implementation,Difference between using a square matrix vs. an adjacency list,"Adjacency Matrix, Adjacency List",Graphs
자료구조,트리 자료구조의 정의와 그래프와 비교했을 때 트리가 가지는 제약 조건은 무엇인가요,부모·자식의 계층 구조를 가지며 사이클이 존재하지 않는 단방향 그래프임,중,"트리, 계층관계, 사이클",트리,Definition of a Tree and its constraints compared to a Graph,Unidirectional graph with parent-child hierarchy and no cycles,"Tree, Hierarchy, Cycle",Trees
자료구조,"이진 트리의 종류인 정 이진 트리, 포화 이진 트리, 완전 이진 트리의 차이를 설명해주세요",자식 노드의 개수와 리프 노드의 레벨 및 노드가 채워진 형태에 따라 구분함,중,"이진트리, 포화이진트리, 완전이진트리",트리,"Differences between Full, Perfect, and Complete Binary Trees","Classified by child count, leaf level, and node filling pattern","Binary Tree, Perfect Binary Tree, Complete Binary Tree",Trees
자료구조,이진 탐색 트리(BST)의 특징과 최악의 경우 시간 복잡도가 O(n)이 되는 이유는 무엇인가요,"왼쪽은 작은 값, 오른쪽은 큰 값을 배치하며 한쪽으로 치우친 편향 트리일 때 속도가 저하됨",상,"BST, 이진탐색트리, 편향트리",트리,Characteristics of BST and why its worst-case time complexity is O(n),"Smaller values left, larger right; slows down if it becomes a skewed tree","BST, Binary Search Tree, Skewed Tree",Trees
자료구조,자가균형 이진탐색트리란 무엇이며 대표적인 트리의 종류를 말씀해주세요,삽입과 삭제 시 자동으로 높이를 낮게 유지하는 트리로 레드-블랙 트리와 AVL 트리가 있음,상,"자가균형트리, AVL, 레드블랙트리",트리,What is a Self-Balancing BST and its representative types?,Maintains low height automatically; examples include Red-Black and AVL trees,"Self-Balancing Tree, AVL, Red-Black Tree",Trees
자료구조,AVL 트리가 필요한 이유와 불균형 발생 시 수행하는 회전(Rotation) 작업은 무엇인가요,높이 차를 1 이하로 유지하여 탐색 속도를 보장하며 네 가지 회전 방식으로 균형을 잡음,상,"AVL트리, 높이균형, 회전",트리,Why AVL trees are needed and the rotation operations performed during imbalance,Guarantees search speed by keeping height difference ≤ 1 via 4 rotation types,"AVL Tree, Height Balance, Rotation",Trees
자료구조,"이진 트리 순회 방식인 전위, 중위, 후위 순회의 차이점은 무엇인가요",현재 노드를 방문하는 시점에 따라 구분하며 재귀 구조로 간결하게 구현 가능함,중,"트리순회, 전위순회, 중위순회, 후위순회",트리,"Differences between Pre-order, In-order, and Post-order binary tree traversals",Differentiated by when the current node is visited; implemented via recursion,"Tree Traversal, Pre-order, In-order, Post-order",Trees
자료구조,트라이(Trie) 자료구조의 특징과 주로 어떤 상황에서 효율적으로 사용되나요,문자열의 접두사를 공유하는 트리 구조로 자동완성이나 문자열 검색 시스템에 적합함,상,"트라이, Trie, 문자열검색",트리,Characteristics of the Trie data structure and its efficient use cases,Tree structure sharing string prefixes; ideal for autocomplete and search,"Trie, Trie, String Search",Trees
자료구조,우선순위 큐는 무엇이며 이를 구현할 때 힙(Heap)을 사용하는 이유는 무엇인가요,우선순위가 높은 데이터부터 제거하는 자료구조로 힙을 쓰면 삽입·삭제가 효율적임,중,"우선순위큐, 힙, Heap",힙,What is a Priority Queue and why is a Heap used to implement it?,Removes high-priority data first; Heaps make insertion/deletion efficient,"Priority Queue, Heap, Heap",Heaps
자료구조,힙(Heap) 자료구조의 정의와 최대 힙 및 최소 힙의 동작 원리를 설명해주세요,완전 이진 트리 기반으로 부모 노드가 항상 자식보다 크거나 작은 특성을 가짐,중,"힙, 최대힙, 최소힙, 완전이진트리",힙,Definition of a Heap and the operating principles of Max Heaps and Min Heaps,Based on complete binary trees; parents are always larger/smaller than children,"Heap, Max Heap, Min Heap, Complete Binary Tree",Heaps
자바,객체지향 프로그래밍의 주요 특징과 이를 통해 얻을 수 있는 장점은 무엇인가요,코드 재사용성과 유지보수성이 높고 모듈화를 통해 대규모 개발에 유리함,하,"객체지향, 재사용성, 유지보수성",객체지향,Key features of OOP and the advantages of using it,High reusability and maintainability; modularity benefits large-scale development,"OOP, Reusability, Maintainability",Object-Oriented Programming (OOP)
자바,객체지향 설계의 5대 원칙인 SOLID에 대해 각각 설명해주시겠어요,"SRP, OCP, LSP, ISP, DIP로 구성되며 변경에 유연한 구조를 만드는 설계 원칙임",상,"SOLID, 설계원칙, 소프트웨어설계",객체지향,Explain the SOLID principles of object-oriented design,"Design principles (SRP, OCP, LSP, ISP, DIP) for flexible structures","SOLID, Design Principles, Software Design",Object-Oriented Programming (OOP)
자바,자바 언어의 주요 특징과 플랫폼 독립성이 유지되는 원리는 무엇인가요,JVM을 통해 운영체제에 종속되지 않고 실행되며 자동 메모리 관리 기능을 제공함,하,"자바특징, 플랫폼독립성, JVM",자바개요,Key features of Java and the principle of platform independence,Runs OS-independently via JVM; provides automatic memory management,"Java Features, Platform Independence, JVM",Java Overview
자바,JVM의 내부 구조와 자바 프로그램이 실행되는 과정을 상세히 설명해주세요,클래스로더가 바이트코드를 로드하고 실행 엔진이 이를 해석하여 메모리 영역에서 실행함,상,"JVM구조, 클래스로더, 실행엔진",JVM,Internal structure of the JVM and the execution process of Java programs,Class Loader loads bytecode; Execution Engine interprets and runs it in memory,"JVM Structure, Class Loader, Execution Engine",Java Virtual Machine (JVM)
자바,"가비지 컬렉션의 동작 방식과 Minor GC, Major GC의 차이점은 무엇인가요",사용하지 않는 객체를 자동으로 해제하며 Young 영역과 Old 영역의 발생 시점이 다름,상,"가비지컬렉션, GC, MinorGC, MajorGC",메모리관리,How Garbage Collection works and the difference between Minor and Major GC,Frees unused objects; occurs at different times in Young and Old generations,"Garbage Collection, GC, Minor GC, Major GC",Memory Management
자바,G1 GC 알고리즘의 특징과 현재 자바의 기본 GC로 채택된 이유는 무엇인가요,힙을 지역 단위로 나누어 가비지가 많은 곳을 우선 정리하여 지연 시간을 최소화함,상,"G1GC, Region, 가비지 우선",메모리관리,Characteristics of the G1 GC algorithm and why it is the default Java GC,Splits heap into regions and cleans garbage-heavy areas to minimize latency,"G1GC, Region, Garbage First",Memory Management
자바,자바의 기본형 타입과 Wrapper 클래스의 차이 및 오토박싱 개념을 설명해주세요,기본형은 값 자체를 저장하고 Wrapper 클래스는 이를 객체화하여 컬렉션 등에서 활용함,하,"기본형타입, Wrapper클래스, 오토박싱",자바개요,"Differences between primitive types and wrapper classes, and autoboxing",Primitives store values; Wrapper classes objectify them for collections,"Primitive Type, Wrapper Class, Autoboxing",Java Overview
자바,"public, private, protected 등 접근 제어자의 차이와 사용 목적은 무엇인가요",클래스 내부나 패키지 및 상속 관계에 따른 접근 범위를 제한하여 정보를 보호함,하,"접근제어자, 정보은닉, 캡슐화",자바개요,"Differences and purposes of access modifiers: public, private, and protected",Protects info by limiting access based on internal/package/inheritance logic,"Access Modifier, Information Hiding, Encapsulation",Java Overview
자바,static 예약어가 붙은 변수나 메서드는 어떤 특징을 가지게 되나요,인스턴스 생성 없이 클래스 이름으로 접근 가능하며 프로그램 실행 시 메모리에 고정됨,중,"static, 정적변수, 메모리할당",자바개요,Characteristics of variables and methods with the 'static' keyword,Accessible via class name without instances; fixed in memory during execution,"static, Static Variable, Memory Allocation",Java Overview
자바,자바가 Call by Value 방식으로 동작한다는 것은 구체적으로 어떤 의미인가요,메서드 호출 시 값이 복사되어 전달되며 참조형의 경우 객체의 주소값이 복사됨,중,"CallByValue, 값전달, 참조복사",자바개요,What does it specifically mean that Java operates using 'Call by Value'?,Values are copied when calling methods; references copy the object address,"CallByValue, Pass by Value, Reference Copy",Java Overview
자바,클래스와 생성자의 정의를 내리고 객체가 생성될 때의 과정을 설명해주세요,클래스는 객체의 설계도이며 생성자는 인스턴스 생성 시 초기화를 담당함,하,"클래스, 생성자, 객체생성",OOP핵심,"Definitions of classes and constructors, and the object creation process",Class is a blueprint; Constructor handles initialization during object creation,"Class, Constructor, Object Creation",OOP Core Concepts
자바,클래스 상속의 개념과 super 예약어가 사용되는 상황은 언제인가요,상위 클래스의 기능을 물려받아 재사용하며 상위 클래스의 생성자나 메서드 호출 시 사용함,중,"상속, super, extends",OOP핵심,Concept of class inheritance and when the 'super' keyword is used,Reuses parent features; used when calling parent constructors or methods,"Inheritance, super, extends",OOP Core Concepts
자바,메서드 오버라이딩과 오버로딩의 차이점을 정의와 조건 관점에서 비교해주세요,오버라이딩은 상속받은 메서드 재정의이며 오버로딩은 같은 이름의 메서드를 다중 정의함,중,"오버라이딩, 오버로딩, 다형성",OOP핵심,Compare method Overriding vs Overloading in terms of definition and conditions,Overriding redefines inherited methods; Overloading defines multiple same-named methods,"Overriding, Overloading, Polymorphism",OOP Core Concepts
자바,다형성의 개념과 자바에서 다형성을 구현하는 구체적인 방법은 무엇인가요,하나의 타입으로 여러 객체를 참조하며 메서드 오버라이딩을 통해 실행 시점에 동작이 결정됨,중,"다형성, 인터페이스, 오버라이딩",OOP핵심,Concept of Polymorphism and specific ways to implement it in Java,References multiple objects with one type; behavior decided at runtime via overriding,"Polymorphism, Interface, Overriding",OOP Core Concepts
자바,추상 클래스와 인터페이스의 차이점과 각각 어떤 상황에서 사용해야 하나요,추상 클래스는 상속을 통한 확장을 목적으로 하고 인터페이스는 구현 명세를 정의함,상,"추상클래스, 인터페이스, 다중구현",OOP핵심,Differences between Abstract Classes and Interfaces and their use cases,Abstract classes aim for extension; Interfaces define implementation specs,"Abstract Class, Interface, Multiple Implementation",OOP Core Concepts
자바,"final 예약어가 변수, 메서드, 클래스에 붙었을 때 각각 어떤 효과가 발생하나요",상수가 되거나 메서드 재정의가 금지되고 클래스 상속이 불가능해짐,중,"final, 상수, 재정의불가",OOP핵심,"Effects of the 'final' keyword on variables, methods, and classes",Becomes a constant; method overriding or class inheritance is prohibited,"final, Constant, Non-overridable",OOP Core Concepts
자바,"List, Set, Map 컬렉션의 구조적 차이와 특징을 설명해주시겠어요","순서가 있는 리스트, 중복이 없는 셋, 키와 값 쌍으로 이루어진 맵으로 구분됨",하,"List, Set, Map, 컬렉션",컬렉션,"Structural differences and characteristics of List, Set, and Map collections","Divided into ordered Lists, unique Sets, and Key-Value paired Maps","List, Set, Map, Collection",Java Collections Framework
자바,HashMap과 ConcurrentHashMap의 차이와 멀티 스레드 환경에서의 권장 방식은 무엇인가요,ConcurrentHashMap은 버킷 단위 잠금을 사용하여 멀티 스레드 환경에서 안전하고 빠름,상,"HashMap, ConcurrentHashMap, 동기화",컬렉션,Difference between HashMap and ConcurrentHashMap for multi-threaded environments,ConcurrentHashMap is safe and fast in multi-threading via bucket-level locking,"HashMap, ConcurrentHashMap, Synchronization",Java Collections Framework
자바,자바에서 멀티 스레드를 구현하는 세 가지 방법과 각각의 장단점은 무엇인가요,"Thread 상속, Runnable 구현, ExecutorService 활용 방식이 있으며 유연성 차이가 있음",상,"멀티스레드, Thread, Runnable",멀티스레딩,Three ways to implement multi-threading in Java and their pros/cons,"Methods: Thread inheritance, Runnable implementation, or ExecutorService use","Multi-thread, Thread, Runnable",Multi-threading
자바,synchronized 키워드와 volatile 키워드가 동시성 제어에서 수행하는 역할은 무엇인가요,synchronized는 메서드 잠금을 보장하고 volatile은 메인 메모리의 최신 값 참조를 보장함,상,"동기화, volatile, 동시성제어",멀티스레딩,Roles of 'synchronized' and 'volatile' keywords in concurrency control,Synchronized ensures locking; Volatile ensures main memory visibility,"Synchronization, volatile, Concurrency Control",Multi-threading
자바,자바의 예외 처리 방식인 Checked Exception과 Unchecked Exception의 차이는 무엇인가요,컴파일 시 체크 여부에 따라 나뉘며 비즈니스 예외와 시스템 오류를 구분하여 처리함,중,"CheckedException, 런타임예외",예외처리,Differences between Checked and Unchecked Exceptions in Java,Divided by compile-time check; separates business exceptions from system errors,"Checked Exception, Runtime Exception",Exception Handling
자바,객체 직렬화와 역직렬화의 개념 및 자바에서 이를 구현하는 방법은 무엇인가요,객체를 바이트 스트림으로 변환하여 전송하거나 다시 객체로 복원하는 과정임,중,"직렬화, 역직렬화, Serializable",기타개념,Concepts of Serialization/Deserialization and how to implement them in Java,Process of converting objects to byte streams or restoring them,"Serialization, Deserialization, Serializable",Miscellaneous Concepts
자바,"String, StringBuffer, StringBuilder의 메모리 관리 방식과 성능 차이를 설명해주세요",String은 불변 객체이며 자주 변경되는 문자열은 가변 객체인 Builder나 Buffer가 유리함,중,"String, StringBuilder, 가변성",기타개념,"Memory management and performance differences: String, StringBuffer, StringBuilder",String is immutable; Builder/Buffer are mutable and better for frequent changes,"String, StringBuilder, Mutability",Miscellaneous Concepts
자바,자바 8 이후 도입된 스트림(Stream)과 기존 컬렉션의 처리 방식 차이는 무엇인가요,스트림은 내부 반복을 통해 데이터를 필터링하고 변환하며 지연 연산을 지원함,중,"스트림, Stream, 내부반복",모던자바,Differences between Java 8 Streams and traditional collection processing,Streams filter/transform data via internal iteration and support lazy evaluation,"Stream, Stream, Internal Iteration",Modern Java (Java 8+)
자바,함수형 인터페이스의 정의와 람다식을 사용했을 때 얻을 수 있는 이점은 무엇인가요,단일 추상 메서드를 가진 인터페이스로 람다식을 통해 코드를 간결하고 직관적으로 만듦,중,"함수형인터페이스, 람다식, 가독성",모던자바,Definition of Functional Interfaces and benefits of using Lambda expressions,Interface with one abstract method; Lambda expressions make code concise,"Functional Interface, Lambda, Readability",Modern Java (Java 8+)
자바스크립트,"스코프의 개념과 전역, 함수, 블록 레벨 스코프의 구체적인 차이점을 설명해주시겠어요?","식별자의 유효 범위를 뜻하며 var는 함수 레벨을, let과 const는 블록 레벨 스코프를 지원함",중,"스코프, 전역, 함수레벨, 블록레벨",스코프와실행컨텍스트,"Concept of scope and differences between global, function, and block-level scopes","Range of identifier validity; var is function-level, let/const are block-level","Scope, Global, Function-level, Block-level",Scope & Execution Context
자바스크립트,스코프 체인이 무엇이며 자바스크립트 엔진이 변수를 검색하는 과정을 말씀해주세요,식별자를 찾기 위해 현재 스코프에서 상위 스코프로 이동하며 검색하는 계층적 구조임,중,"스코프체인, 식별자검색, 상위스코프",스코프와실행컨텍스트,What is the Scope Chain and how does the JS engine search for variables?,Hierarchical search moving from current to parent scope to find identifiers,"Scope Chain, Identifier Search, Parent Scope",Scope & Execution Context
자바스크립트,렉시컬 스코프의 정의와 함수 호출 위치가 아닌 선언 위치가 중요한 이유는 무엇인가요?,함수가 어디서 호출되었는지가 아니라 어디서 선언되었는지에 따라 상위 스코프를 결정함,상,"렉시컬스코프, 정적스코프, 선언위치",스코프와실행컨텍스트,Definition of Lexical Scope and why the declaration position matters,"Parent scope decided by where the function was declared, not where it was called","Lexical Scope, Static Scope, Declaration Position",Scope & Execution Context
자바스크립트,실행 컨텍스트가 생성되는 과정과 소스코드의 평가 및 실행 단계에 대해 설명해주세요,평가 단계에서 실행 컨텍스트를 생성하고 선언문을 먼저 등록한 뒤 실행 단계에서 값을 할당함,상,"실행컨텍스트, 평가단계, 실행단계",스코프와실행컨텍스트,Execution Context creation process: Evaluation vs. Execution stages,Creates context during evaluation (registers declarations) and assigns during execution,"Execution Context, Evaluation Stage, Execution Stage",Scope & Execution Context
자바스크립트,렉시컬 환경의 역할과 식별자가 값에 바인딩되는 메커니즘은 무엇인가요?,식별자와 그에 바인딩된 값 및 상위 참조를 관리하는 실행 컨텍스트의 핵심 자료구조임,상,"렉시컬환경, 환경레코드, 외부참조",스코프와실행컨텍스트,Role of the Lexical Environment and the mechanism of identifier binding,"Key context structure managing identifiers, bound values, and parent references","Lexical Environment, Environment Record, Outer Reference",Scope & Execution Context
자바스크립트,"bind, call, apply를 이용한 명시적 this 바인딩 방식과 암묵적 바인딩의 차이는 무엇인가요?",암묵적 바인딩은 호출 방식에 따라 결정되나 명시적 메서드를 쓰면 특정 객체를 직접 지정함,상,"this바인딩, call, apply, bind",스코프와실행컨텍스트,Differences between explicit 'this' binding (bind/call/apply) and implicit binding,Implicit binding depends on call style; explicit methods target specific objects,"this Binding, call, apply, bind",Scope & Execution Context
자바스크립트,클로저의 정의와 외부 함수가 종료된 후에도 지역 변수를 참조할 수 있는 원리는 무엇인가요?,함수와 그 함수가 선언된 환경의 조합으로 외부 함수가 소멸해도 상위 렉시컬 환경을 참조함,상,"클로저, 렉시컬환경참조, 메모리유지",클로저,Definition of Closures and how they reference variables after a function ends,Combination of function and its environment; references parent environment after end,"Closure, Lexical Environment Reference, Memory Maintenance",Closures
자바스크립트,자바스크립트가 싱글 스레드임에도 불구하고 비동기 처리가 가능한 이유는 무엇인가요?,이벤트 루프가 콜 스택과 태스크 큐를 모니터링하며 비동기 콜백을 순차적으로 실행하기 때문임,상,"이벤트루프, 싱글스레드, 태스크큐",자바스크립트동작원리,Why is asynchronous processing possible despite JS being single-threaded?,Event loop monitors stacks/queues and executes asynchronous callbacks sequentially,"Event Loop, Single-thread, Task Queue",JS Principles & Mechanics
자바스크립트,콜백 지옥의 발생 원인과 이를 해결하기 위해 도입된 방식들에 대해 설명해주세요,비동기 처리를 위해 콜백을 중첩 호출하며 생기는 가독성 저하를 프로미스로 해결함,중,"콜백지옥, 가독성, 비동기처리",비동기프로그래밍,Causes of Callback Hell and the methods introduced to solve it,Solves poor readability from nested callbacks using Promises,"Callback Hell, Readability, Async Processing",Asynchronous Programming
자바스크립트,"프로미스의 개념과 세 가지 상태인 Pending, Fulfilled, Rejected에 대해 설명해주세요",비동기 작업의 최종 성공 또는 실패를 나타내는 객체로 후속 처리 메서드 체이닝이 가능함,중,"Promise, 상태관리, 후속처리",비동기프로그래밍,"Concept of Promises and their three states: Pending, Fulfilled, and Rejected",Object representing async success/failure; allows for method chaining,"Promise, State Management, Chaining",Asynchronous Programming
자바스크립트,마이크로태스크 큐는 무엇이며 일반 태스크 큐와 비교했을 때 어떤 우선순위를 갖나요?,프로미스 후속 처리 등을 담당하는 별도의 큐로 일반 태스크 큐보다 먼저 실행됨,상,"마이크로태스크큐, 실행우선순위",비동기프로그래밍,What is the Microtask Queue and its priority compared to the Task Queue?,Separate queue for Promise handling; executes before the regular Task Queue,"Microtask Queue, Execution Priority",Asynchronous Programming
자바스크립트,async와 await 키워드가 비동기 코드를 처리하는 방식과 프로미스와의 관계는 무엇인가요?,프로미스 기반 코드를 동기식처럼 직관적으로 작성하게 하며 처리가 끝날 때까지 실행을 중단함,중,"async, await, 프로미스기반",비동기프로그래밍,How async/await handles asynchronous code and its relationship with Promises,Writes Promise code intuitively; pauses execution until the process finishes,"async, await, Promise-based",Asynchronous Programming
자바스크립트,자바스크립트 프로토타입의 개념과 프로토타입 체인을 통한 상속 원리를 말씀해주세요,객체가 부모 역할을 하는 프로토타입 객체로부터 속성과 메서드를 물려받아 사용하는 방식임,상,"프로토타입, 상속, 프로토타입체인",프로토타입과상속,Concept of JS Prototypes and inheritance via the Prototype Chain,Objects inherit properties/methods from a parent prototype object,"Prototype, Inheritance, Prototype Chain",Prototype & Inheritance
자바스크립트,객체의 proto 속성과 함수의 prototype 속성의 결정적인 차이점은 무엇인가요?,__proto__는 모든 객체의 상속 참조를 나타내고 prototype은 생성자 함수의 상속 정의용임,상,"proto, prototype, 참조차이",프로토타입과상속,Critical difference between __proto__ of objects and prototype of functions,__proto__ is an instance reference; prototype is for constructor definitions,"__proto__, prototype, Reference Difference",Prototype & Inheritance
자바스크립트,"자바스크립트의 map, filter, reduce 메서드가 각각 배열을 처리하는 방식을 비교해주세요",요소를 변환하여 반환하거나 조건에 맞춰 추출하거나 하나의 값으로 축약하는 기능을 수행함,하,"map, filter, reduce",배열과객체다루기,"Compare how map, filter, and reduce methods process arrays","Transforms elements, filters by conditions, or reduces to a single value","map, filter, reduce",Handling Arrays & Objects
자바스크립트,객체 및 배열 구조 분해 할당을 사용하는 이유와 그 편의성에 대해 설명해주세요,복잡한 객체나 배열의 요소를 변수에 간편하게 추출하여 할당함으로써 코드 가독성을 높임,하,"구조분해할당, 코드단축, 가독성",배열과객체다루기,Reasons for using Destructuring Assignment for objects and arrays,Extracts object/array elements into variables to improve code readability,"Destructuring Assignment, Code Shortening, Readability",Handling Arrays & Objects
자바스크립트,스프레드 연산자의 용도와 이를 활용한 객체나 배열의 복사 및 결합 방식은 무엇인가요?,개별 요소를 펼쳐서 복사하거나 합칠 때 사용하며 얕은 복사를 수행함,하,"스프레드연산자, 배열복사, 객체병합",배열과객체다루기,Uses of the Spread Operator for copying and merging objects/arrays,Used to spread elements for copying or merging; performs a shallow copy,"Spread Operator, Array Copy, Object Merge",Handling Arrays & Objects
자바스크립트,자바스크립트 모듈 시스템이 도입된 배경과 전역 오염 문제와의 관계를 설명해주세요,파일 단위 스코프를 제공하여 변수 이름 충돌과 전역 공간의 오염을 방지하기 위함임,중,"모듈시스템, 전역오염방지, 파일스코프",자바스크립트모듈,Background of JS Modules and their relation to global scope pollution,Provides file-level scope to prevent name collisions and global pollution,"Module System, Global Pollution Prevention, File Scope",JavaScript Modules
자바스크립트,ES 모듈 시스템에서 default export와 named export의 사용상 차이점은 무엇인가요?,default는 파일당 하나만 가능하며 임의 명명이 가능하고 named는 정해진 이름으로만 가져옴,중,"default, named, export",자바스크립트모듈,Differences in usage between default export and named export in ES Modules,One 'default' per file (custom naming); 'named' uses specific names,"default, named, export",JavaScript Modules
자바스크립트,동적 import가 필요한 상황과 이를 통해 얻을 수 있는 성능 최적화 효과는 무엇인가요?,코드 로딩을 필요한 시점으로 미뤄 초기 로딩 속도를 높이는 코드 스플리팅 기법임,상,"동적import, 성능최적화, 지연로딩",자바스크립트모듈,Scenarios for dynamic import and its performance optimization benefits,Code splitting technique that delays loading to improve initial speed,"Dynamic Import, Performance Optimization, Lazy Loading",JavaScript Modules
자바스크립트,브라우저가 HTML을 파싱하여 DOM을 생성하고 JS를 실행하는 과정을 단계별로 말씀해주세요,HTML을 객체 모델인 DOM으로 변환하며 스크립트 태그를 만나면 엔진이 코드를 파싱하고 실행함,중,"브라우저파싱, JS실행, 엔진동작",브라우저와자바스크립트,"Steps of browser HTML parsing, DOM creation, and JS execution",Converts HTML to DOM; JS engine parses and runs code upon script tags,"Browser Parsing, JS Execution, Engine Operation",Browser & JavaScript
자바스크립트,DOM의 정의와 자바스크립트가 DOM을 통해 HTML 요소를 조작하는 방식은 무엇인가요?,웹 페이지를 트리 구조로 표현한 인터페이스이며 요소를 탐색하여 속성이나 내용을 변경함,하,"DOM, 트리구조, 요소조작",브라우저와자바스크립트,Definition of the DOM and how JS manipulates HTML elements through it,Interface representing pages as trees; allows element search and modification,"DOM, Tree Structure, Element Manipulation",Browser & JavaScript
자바스크립트,"이벤트 전파의 세 단계인 캡처링, 타깃, 버블링 단계의 흐름에 대해 설명해주세요",이벤트 발생 시 상위 요소에서 하위로 내려갔다 다시 상위로 올라가며 전파되는 과정임,상,"이벤트전파, 버블링, 캡처링",브라우저와자바스크립트,"Explain the flow of event propagation: Capturing, Target, and Bubbling",Propagation process where events travel down to the target and back up,"Event Propagation, Bubbling, Capturing",Browser & JavaScript